﻿<?xml version="1.0" encoding="utf-8"?>
<component format="1" id="Auth0Client">
  <name>Auth0 SDK</name>
  <publisher>Auth0</publisher>
  <publisher-url>http://developers.auth0.com</publisher-url>
  <version>0.3</version>
  <summary>Add authentication with different sources, either social like Google, Facebook, Twitter, or enterprise like WAAD, Google Apps, AD, ADFS or any SAML Provider.</summary>
  <samples>
    <sample id="Auth0Client.iOS.Sample">
      <name>iOS Sample.</name>
      <summary>Demonstrates Auth0 authentication on iOS.</summary>
    </sample>
    <sample id="Auth0Client.Android.Sample">
      <name>Android Sample.</name>
      <summary>Demonstrates Auth0 authentication on Android</summary>
    </sample>
  </samples>
</component>